ID,Method / entry,Type,Family / category,Required inputs,Intended prediction setting,Executed task(s) / benchmark use,Status,Reason for inclusion or exclusion,Main-text role
S2-01,scBERT,Encoder-only or not executable,Foundation,Pretrained transformer embeddings,Cell-state representation,Not run,Not run,Encoder-only; no perturbation-prediction head to emit expression,"Surveyed, not executed"
S2-02,Geneformer,Encoder-only or not executable,Foundation,Pretrained rank-value embeddings,Cell-state representation,Not run,Not run,Encoder-only; no perturbation head,"Surveyed, not executed"
S2-03,scGPT,Published conditioned predictor,Foundation,Pretrained transformer + perturbation head,Unseen-gene effect,"Executed, T3",Native; bundle-scored,"Published perturbation head executed via the external scPerturBench C3 eval harness; deposited prediction bundles/results are re-scored in this release, but this cell is not retrained by the in-repo manifest",Conditioned predictor (Table 2)
S2-04,scFoundation,Published conditioned predictor,Foundation,Pretrained embeddings + perturbation head,Unseen-gene effect,"Executed, T3",Native/adapted; bundle-scored,"Executed via the external scPerturBench C3 eval harness with deposited implementation artifacts; deposited prediction bundles/results are re-scored in this release, but this cell is not retrained by the in-repo manifest",Conditioned predictor (Table 2)
S2-05,UCE,Encoder-only or not executable,Foundation,Universal cell embeddings,Cell-state representation,Not run,Not run,No decoder to emit expression,"Surveyed, not executed"
S2-06,GeneCompass,Encoder-only or not executable,Foundation,Cross-species embeddings,Cell-state representation,Not run,Not run,Encoder-only; no perturbation head,"Surveyed, not executed"
S2-07,scGenePT,Not-run surveyed method,Foundation (text-conditioned),Embeddings + gene text,Unseen-gene effect,Not run,Not run,No maintained implementation for the immune tasks; foundation family represented by scGPT/scFoundation,"Surveyed, not executed"
S2-08,GenePert,Not-run surveyed method,Foundation (text-conditioned),Embeddings + perturbation text,Unseen-gene effect,Not run,Not run,No maintained implementation; family represented,"Surveyed, not executed"
S2-09,scGen,Published conditioned predictor,Latent / compositional,Perturbation-labelled latent,Cell-context + stimulation transfer,"Executed, T1–T5",Native or adapted,Task-matched where native; re-fit leak-safely elsewhere,Conditioned predictor (Table 2)
S2-10,trVAE,Not-run surveyed method,Latent / compositional,Conditional VAE,Stimulation transfer,Not run,Not run,Latent family represented by scGen/CPA,"Surveyed, not executed"
S2-11,scPreGAN,Not-run surveyed method,Latent / compositional,GAN latent,Stimulation transfer,Not run,Not run,No maintained immune implementation; family represented,"Surveyed, not executed"
S2-12,CPA,Published conditioned predictor,Latent / compositional,Latent + covariate composition,Compositional transfer,"Executed, T1–T5",Native or adapted,Native or re-fit depending on task,Conditioned predictor (Table 2)
S2-13,chemCPA,Published conditioned predictor,Latent / compositional (chemistry-aware),Latent + Morgan drug structure,Unseen-compound effect,"Executed, T5",Native,Chemistry-aware unseen-compound model,Conditioned predictor (Table 2)
S2-14,scVIDR,Not-run surveyed method,Latent / compositional,VAE dose-response,Dose transfer,Not run,Not run,Family represented by scGen/CPA,"Surveyed, not executed"
S2-15,Biolord,Not-run surveyed method,Latent / compositional,Disentangled latent,Compositional transfer,Not run,Not run,No maintained immune implementation; family represented,"Surveyed, not executed"
S2-16,GEARS,Published conditioned predictor,Prior-graph,GO / co-expression graph + KO labels,Unseen-gene effect,"Executed, T3–T4",Native,Published unseen-gene graph task where inputs are defined,Conditioned predictor (Table 2)
S2-17,AttentionPert,Published conditioned predictor,Prior-graph,Gene graph + attention,Unseen-gene effect,"Executed, T3–T4",Native,Published unseen-gene task where inputs are defined,Conditioned predictor (Table 2)
S2-18,TxPert,Not-run surveyed method,Prior-graph,Network + perturbation,Unseen-gene effect,Not run,Not run,Graph family represented by GEARS/AttentionPert,"Surveyed, not executed"
S2-19,CellOT,Published conditioned predictor,Optimal transport,Control + perturbed populations,Distributional transfer,"Executed, T2, T4",Native or adapted,Main census on donor/modality transfer; Kang stimulation-transfer sensitivity reported in Supplementary Note S3,Conditioned predictor (Table 2)
S2-20,scPRAM,Published conditioned predictor,Optimal transport,Control + perturbed + attention,Distributional transfer,"Executed, T2, T4",Native or adapted,Donor and modality transfer per deposited implementation,Conditioned predictor (Table 2)
S2-21,CINEMA-OT,Distributional comparator,Optimal transport (causal),Control + treated populations,Distributional matching,"Executed, T3, T5",Comparator,Perturbation-agnostic reference; never counted as a conditioned win,Distributional comparator
S2-22,STATE,Published conditioned predictor,Hybrid,Representation + transition operator,Cell-context + compound transfer,"Executed, T2–T5",Native or adapted,Task-matched where native; fingerprint-conditioned where adapted,Conditioned predictor (Table 2)
S2-23,PertAdapt,Published conditioned predictor,Hybrid,Representation + adaptation operator,Unseen-gene effect,"Executed, T3",Native or adapted,Run per deposited implementation,Conditioned predictor (Table 2)
S2-24,Stack,Not-run surveyed method,Hybrid,Stacked representations,Compositional transfer,Not run,Not run,Hybrid family represented by STATE/PertAdapt,"Surveyed, not executed"
S2-25,FP-ridge,Deterministic task-specific predictor,Chemistry-aware deterministic,Morgan fingerprints,Unseen-compound effect,"Executed, T5",Task-specific deterministic,Tests whether chemical features alone explain compound response on OP3,Task-specific deterministic predictor (Table 2)
S2-26,linear-shift-KOemb,Deterministic task-specific predictor,Deterministic shift,Knockout-embedding metadata,Modality (RNA-to-surface),"Executed, T4",Task-specific deterministic,Tests whether KO metadata explains surface recovery in the Frangieh stress test,Task-specific deterministic predictor (Table 2)
S2-27,cell-mean shift,Universal floor baseline,Baseline,Training-fold cell means,Average perturbation effect,Computed on every task,Floor,Floor member; a conditioned model must beat it to count,Universal floor
S2-28,linear-PCA shift,Universal floor baseline,Baseline,Training-fold PCA basis,Low-rank perturbation effect,Computed on every task,Floor,Floor member; a conditioned model must beat it to count,Universal floor
S2-29,control-as-prediction,Context baseline,Baseline,Unperturbed control profile,Reference,Computed where applicable,Context,Interpretation reference; not a floor member,Context baseline
S2-30,donor shift,Context baseline,Baseline,Per-donor mean shift,Reference,Computed where applicable,Context,Interpretation reference; not a floor member,Context baseline
S2-31,training-mean shift,Context baseline,Baseline,Pooled training-set mean,Reference,Computed where applicable,Context,Interpretation reference; not a floor member,Context baseline
